source,ref_id,escola,turma,participante_hash,participante_tipo,pontos,acertos,total,tempo_seg,status,occurred_at
jogos,11bb9dac-204b-42da-90bd-f9879ed6d879,Escola A,703,53c2e1cebc7ed96b7325eb75b0ba1f2af6b0902f0b6ced564b507ea84f94d572,aluno,15000,1,,0,finalizado,2026-08-19 11:50:24.213801-03
jogos,1719c2de-083a-4733-958d-095ed9e76a44,Escola A,703,53c2e1cebc7ed96b7325eb75b0ba1f2af6b0902f0b6ced564b507ea84f94d572,aluno,0,0,,0,em_andamento,2026-08-19 11:50:47.007744-03
logika,1787152766048,Escola A,702,dce9535e4c6d338636768b2fc4bb94be51d68df22df33672d800247c4f7b367b,equipe,0,0,10,,em_andamento,2026-08-19 12:18:31.211-03
logika,1787152801995,Escola A,701,791a9208876d94f82daf1fb5eb4118cabc8c1e8cee9da1e903a275039c6785f5,equipe,0,0,10,,em_andamento,2026-08-19 12:18:31.212-03
logika,1787152926485,Escola A,706,34d0e2bf692c7faf96d8f993dd6d0994bf6504dfbd68efcd9cef08f962f38d94,equipe,0,0,10,,em_andamento,2026-08-19 12:18:31.212-03
logika,1787153231274,Escola A,707,aae8ef9ec1b622c69c4128c30807264ae96f77d1cb979b26b87fece14f2251da,equipe,0,0,10,,em_andamento,2026-08-19 12:18:31.213-03
logika,1787153158859,Escola A,701,eb957aa1212b4e321e326a61d0a0b4fd13341b2de1f5a50547fbd0f125812423,equipe,0,0,10,,em_andamento,2026-08-19 12:18:31.217-03
logika,1787153458722,Escola A,701,f9bdfaab286b0d80d4a1086808e9f66f5d4ac41097e7890bd09927acd1766787,equipe,0,0,10,,em_andamento,2026-08-19 12:18:31.222-03
logika,1787152794203,Escola A,706,c3569c233547b3177c59d38f3c608f203f23e7ff1d802dc291ef0c5a80cd4dcf,equipe,0,0,10,,em_andamento,2026-08-19 12:18:31.223-03
logika,1787153371549,Escola A,706,a94f452e3d5e2fc34b06cdcf0417c78343e401410569b197a7a94b4b2afd7e75,equipe,0,0,10,,em_andamento,2026-08-19 12:18:31.224-03
logika,1787152835877,Escola A,702,bd6c7ff729870c49305160aef94a340d5a7474b08b4a6bec0c9553160a28d651,equipe,0,0,10,,em_andamento,2026-08-19 12:18:31.225-03
logika,1787153672768,Escola A,703,99cf0862d36fc2a40bb4d8e1e77b48352803143a8b104969a2c743a173519e29,equipe,0,0,10,,em_andamento,2026-08-19 12:18:31.228-03
dever,1787153231274,Escola A,707,aae8ef9ec1b622c69c4128c30807264ae96f77d1cb979b26b87fece14f2251da,aluno,0,0,10,,pendente,2026-08-19 12:18:31.260069-03
dever,1787152766048,Escola A,702,dce9535e4c6d338636768b2fc4bb94be51d68df22df33672d800247c4f7b367b,aluno,0,0,10,,pendente,2026-08-19 12:18:31.262535-03
dever,1787152794203,Escola A,706,c3569c233547b3177c59d38f3c608f203f23e7ff1d802dc291ef0c5a80cd4dcf,aluno,0,0,10,,pendente,2026-08-19 12:18:31.274658-03
dever,1787153158859,Escola A,701,eb957aa1212b4e321e326a61d0a0b4fd13341b2de1f5a50547fbd0f125812423,aluno,0,0,10,,pendente,2026-08-19 12:18:31.287804-03
dever,1787153458722,Escola A,701,f9bdfaab286b0d80d4a1086808e9f66f5d4ac41097e7890bd09927acd1766787,aluno,0,0,10,,pendente,2026-08-19 12:18:31.288064-03
dever,1787153371549,Escola A,706,a94f452e3d5e2fc34b06cdcf0417c78343e401410569b197a7a94b4b2afd7e75,aluno,0,0,10,,pendente,2026-08-19 12:18:31.297339-03
dever,1787153672768,Escola A,703,99cf0862d36fc2a40bb4d8e1e77b48352803143a8b104969a2c743a173519e29,aluno,0,0,10,,pendente,2026-08-19 12:18:31.298404-03
dever,1787152835877,Escola A,702,bd6c7ff729870c49305160aef94a340d5a7474b08b4a6bec0c9553160a28d651,aluno,0,0,10,,pendente,2026-08-19 12:18:31.299919-03
logika,1787153171273,Escola A,707,ab8297499a7b1eb843b1ffbabd27024f14c5fa8212793bed804fc966b4201205,equipe,0,0,10,,em_andamento,2026-08-19 12:18:31.308-03
logika,1787152884393,Escola A,701,2bfee7790dfcf4ac1fe32980aff746a3451bed646e20f273cd5eaad182f5edda,equipe,0,0,10,,em_andamento,2026-08-19 12:18:31.308-03
logika,1787153567041,Escola A,702,549c27c7c35fa7b7e1d72ad3356193e6720b18e47f21f7793dc4fadd394ef210,equipe,0,0,10,,em_andamento,2026-08-19 12:18:31.31-03
logika,1787153608265,Escola A,701,a9c9e8d81fef7ad0cc5179c3b50f99ff71ab52ebbb1195020a4a2098e4eb8cfc,equipe,0,0,10,,em_andamento,2026-08-19 12:18:31.312-03
logika,1787153228262,Escola A,701,24b3a40ac1da8320c23d1e992b25093c3470108e8b5fb3b291786dc3f6e3d3dc,equipe,0,0,10,,em_andamento,2026-08-19 12:18:31.313-03
logika,1787153443834,Escola A,703,002d9ca899de51b6af4e576fdf121d50f22c19027a8b23680745fbb5d48f4605,equipe,0,0,10,,em_andamento,2026-08-19 12:18:31.315-03
logika,1787153052731,Escola A,706,670bacb2842d1282f2a744b979fd155acbd2d7009ad3bbab74bfbb5b6ef633c2,equipe,0,0,10,,em_andamento,2026-08-19 12:18:31.316-03
logika,1787153625551,Escola A,706,7e38e29df0fecb7d314a3be75b765da888acc7bc6ba1c11f23f5275853990c44,equipe,0,0,10,,em_andamento,2026-08-19 12:18:31.319-03
logika,1787153454392,Escola A,706,0cbf90e7957af3cc271672053c58b6761e04cc27dc1eb9da757959948c69eb64,equipe,0,0,10,,em_andamento,2026-08-19 12:18:31.319-03
logika,1787152799945,Escola A,701,6f49e6f8fd45944b357cfd23f5127b6b4c874857b0134377ccfb222bf6be2423,equipe,0,0,10,,em_andamento,2026-08-19 12:18:31.32-03
dever,1787153171273,Escola A,707,ab8297499a7b1eb843b1ffbabd27024f14c5fa8212793bed804fc966b4201205,aluno,0,0,10,,pendente,2026-08-19 12:18:31.335168-03
dever,1787152884393,Escola A,701,2bfee7790dfcf4ac1fe32980aff746a3451bed646e20f273cd5eaad182f5edda,aluno,0,0,10,,pendente,2026-08-19 12:18:31.337846-03
dever,1787153567041,Escola A,702,549c27c7c35fa7b7e1d72ad3356193e6720b18e47f21f7793dc4fadd394ef210,aluno,0,0,10,,pendente,2026-08-19 12:18:31.34456-03
dever,1787153454392,Escola A,706,0cbf90e7957af3cc271672053c58b6761e04cc27dc1eb9da757959948c69eb64,aluno,0,0,10,,pendente,2026-08-19 12:18:31.351202-03
logika,1787153121219,Escola A,701,c003e9bf9b875cb6d8ec45313e88c7984460c17b01a21baf4af281c24048fe2e,equipe,0,0,10,,em_andamento,2026-08-19 12:18:31.364-03
logika,1787152862049,Escola A,702,c2d7a2676f8f496a9f8bd4b627851b88297ddd220ef59f5faa95a86396aae96f,equipe,0,0,10,,em_andamento,2026-08-19 12:18:31.366-03
logika,1787153227369,Escola A,707,ddf092234a20ea21b0c74b7adb90500444958b204787d56573e02372dcb18b5a,equipe,0,0,10,,em_andamento,2026-08-19 12:18:31.368-03
logika,1787153596801,Escola A,706,78c8e0447421bbabf4771c0219ab66d87bbdb8b799eab99d001747fc9c05f388,equipe,0,0,10,,em_andamento,2026-08-19 12:18:31.371-03
logika,1787153062526,Escola A,707,b9a5266fa9a2fdae1646e66e099d0360d2d1a91401ccb349946d12391b35312b,equipe,0,0,10,,em_andamento,2026-08-19 12:18:31.373-03
logika,1787152798528,Escola A,701,8a70297c2af50fb4e18301c8ba9165532271a14e87026c6a5e073d9be89d2a86,equipe,0,0,10,,em_andamento,2026-08-19 12:18:31.376-03
logika,1787152801221,Escola A,703,cb034f1a0536412ccb12ba264c838543c7ad4660dffa9329889444117c1c644d,equipe,0,0,10,,em_andamento,2026-08-19 12:18:31.378-03
logika,1787153231197,Escola A,702,4e7bf343fd5631517d35b74c0fa8eeccf943c5555351591b7c3780ea9af4a69a,equipe,0,0,10,,em_andamento,2026-08-19 12:18:31.379-03
logika,1787152962066,Escola A,707,c38af03c3f135b071f015dec5977a486802ddeb0ab99fcbdcf51e6d792e40657,equipe,0,0,10,,em_andamento,2026-08-19 12:18:31.383-03
logika,1787153121639,Escola A,706,69ca3887b9ce3af6c8704dfcdcd76daf5f7f395084b8b21c94a3fc4c514b6187,equipe,0,0,10,,em_andamento,2026-08-19 12:18:31.384-03
dever,1787153231197,Escola A,702,4e7bf343fd5631517d35b74c0fa8eeccf943c5555351591b7c3780ea9af4a69a,aluno,0,0,10,,pendente,2026-08-19 12:18:31.398992-03
dever,1787152962066,Escola A,707,c38af03c3f135b071f015dec5977a486802ddeb0ab99fcbdcf51e6d792e40657,aluno,0,0,10,,pendente,2026-08-19 12:18:31.400718-03
logika,1787152985150,Escola A,706,84f1ff4eacb336d8d93950ac5295e7ecafd8aed69ecf3c801ddff98c7a459347,equipe,0,0,10,,em_andamento,2026-08-19 12:18:31.407-03
logika,1787153531085,Escola A,707,c1d08a2a3912d89df1e771889eb1cc2400d86a78aadab2805d02da8423f97388,equipe,0,0,10,,em_andamento,2026-08-19 12:18:31.408-03
logika,1787153571624,Escola A,701,c59ab59e2b2befc999423551dfac0674e23010f296c843fc080b8d90cf3863e3,equipe,0,0,10,,em_andamento,2026-08-19 12:18:31.408-03
logika,1787153706719,Escola A,707,122c4c035475458b862c57f9390e769bfdb75a367f8173ee849f4c2ba81211a1,equipe,0,0,10,,em_andamento,2026-08-19 12:18:31.409-03
logika,1787153117908,Escola A,703,e384171f3d452bff0b87b496f19d3d1a9e3afdf53e67a19d807c5dcb14ec9b0c,equipe,0,0,10,,em_andamento,2026-08-19 12:18:31.409-03
logika,1787153382108,Escola A,703,68afbefb4651ae1b12b395235a174a74b4298489bb1215317c596828045d5761,equipe,0,0,10,,em_andamento,2026-08-19 12:18:31.41-03
logika,1787152889004,Escola A,707,f8d46f6c5a0d3b28b55e7c2e80ecc327012442ae1d95c3dd101d0c791822ba4c,equipe,0,0,10,,em_andamento,2026-08-19 12:18:31.411-03
logika,1787153513251,Escola A,702,044b2ec86cedae8a83250db237c16afc2c188824472b71b78d01b7b8ba0e02ac,equipe,0,0,10,,em_andamento,2026-08-19 12:18:31.414-03
logika,1787153629348,Escola A,701,7544390892c44427edaf3e2535fd580c728f84403d6b10db924c9341ba9983cd,equipe,0,0,10,,em_andamento,2026-08-19 12:18:31.415-03
logika,1787152801529,Escola A,706,3b281d68f055f8f0066938a074faa83323ec2fc6495fb3964fe8b7bfd613965c,equipe,0,0,10,,em_andamento,2026-08-19 12:18:31.416-03
dever,1787153531085,Escola A,707,c1d08a2a3912d89df1e771889eb1cc2400d86a78aadab2805d02da8423f97388,aluno,0,0,10,,pendente,2026-08-19 12:18:31.418361-03
dever,1787153571624,Escola A,701,c59ab59e2b2befc999423551dfac0674e23010f296c843fc080b8d90cf3863e3,aluno,0,0,10,,pendente,2026-08-19 12:18:31.420338-03
dever,1787153706719,Escola A,707,122c4c035475458b862c57f9390e769bfdb75a367f8173ee849f4c2ba81211a1,aluno,0,0,10,,pendente,2026-08-19 12:18:31.421565-03
dever,1787152889004,Escola A,707,f8d46f6c5a0d3b28b55e7c2e80ecc327012442ae1d95c3dd101d0c791822ba4c,aluno,0,0,10,,pendente,2026-08-19 12:18:31.422292-03
dever,1787152985150,Escola A,706,84f1ff4eacb336d8d93950ac5295e7ecafd8aed69ecf3c801ddff98c7a459347,aluno,0,0,10,,pendente,2026-08-19 12:18:31.422916-03
dever,1787153513251,Escola A,702,044b2ec86cedae8a83250db237c16afc2c188824472b71b78d01b7b8ba0e02ac,aluno,0,0,10,,pendente,2026-08-19 12:18:31.426512-03
logika,1787153530665,Escola A,702,74141fb3b2122df50251bb0656af59f2e4219868edc55fe9a688cf1152acab4a,equipe,0,0,10,,em_andamento,2026-08-19 12:18:31.434-03
logika,1787152815395,Escola A,703,f561170e70f82e3829c405cf054f9b526ec262ab98eed225233d32532b52ca77,equipe,0,0,10,,em_andamento,2026-08-19 12:18:31.434-03
logika,1787152994519,Escola A,702,ec9a869236163958592c62ceef2340266f8f0eea90c1fa8d467460499226393c,equipe,0,0,10,,em_andamento,2026-08-19 12:18:31.435-03
logika,1787153165220,Escola A,707,9b8a8516d78cb586bf77f1d8c7ca12684b045e4570f4ac0868e40dc685a2b2b7,equipe,0,0,10,,em_andamento,2026-08-19 12:18:31.435-03
logika,1787152781022,Escola A,706,785398c748579e1c8b491592c17c0d7e62b823ed5c64b8ee54646c3669c410ae,equipe,0,0,10,,em_andamento,2026-08-19 12:18:31.438-03
logika,1787153218078,Escola A,706,5bd04989cc70b6c1912a0ca31a4a37f8edaee50d048f2d1086590aeb59230129,equipe,0,0,10,,em_andamento,2026-08-19 12:18:31.439-03
logika,1787153085943,Escola A,701,76b4d107f484084e01d616b826279c72e8dab7c6fb02012027c91ca4393efe5b,equipe,0,0,10,,em_andamento,2026-08-19 12:18:31.44-03
logika,1787152734941,Escola A,703,f774de1b10ba81b9268a9e9cd43bf15f7b74ff2e93d806fb39b488ffbe80f1b6,equipe,0,0,10,,em_andamento,2026-08-19 12:18:31.44-03
logika,1787153289586,Escola A,707,41407025d57e33c71337e491747ce720959bc50f8631321c9adfb00a9969710e,equipe,0,0,10,,em_andamento,2026-08-19 12:18:31.442-03
logika,1787152720062,Escola A,701,84933c2bfe0d94e3c6b696e260893ce425770c2baecb40ce7c3ad8a2f02874b6,equipe,0,0,10,,em_andamento,2026-08-19 12:18:31.442-03
dever,1787153165220,Escola A,707,9b8a8516d78cb586bf77f1d8c7ca12684b045e4570f4ac0868e40dc685a2b2b7,aluno,0,0,10,,pendente,2026-08-19 12:18:31.454644-03
dever,1787152720062,Escola A,701,84933c2bfe0d94e3c6b696e260893ce425770c2baecb40ce7c3ad8a2f02874b6,aluno,0,0,10,,pendente,2026-08-19 12:18:31.463799-03
dever,1787152734941,Escola A,703,f774de1b10ba81b9268a9e9cd43bf15f7b74ff2e93d806fb39b488ffbe80f1b6,aluno,0,0,10,,pendente,2026-08-19 12:18:31.46783-03
logika,1787153032415,Escola A,701,7bc1e084bd42734f8bde0d750860cddb3b7b2e429e49516725f034766928ac70,equipe,0,0,10,,em_andamento,2026-08-19 12:18:31.508-03
logika,1787153317643,Escola A,703,f9cf10d054adeed1aa353b81da891b0bc0f9a6fc5705dcf05c232bd92d3aac38,equipe,0,0,10,,em_andamento,2026-08-19 12:18:31.508-03
logika,1787153129289,Escola A,707,22e2ba2e643c698e2ecc76b5eee29a02f5c31cb279da9150674dda0ebd067aab,equipe,0,0,10,,em_andamento,2026-08-19 12:18:31.511-03
logika,1787153652986,Escola A,701,d2a8cd347edcfae3f9ea8012366a05ff9883ec66be68a643caacc9d080d41ec6,equipe,0,0,10,,em_andamento,2026-08-19 12:18:31.512-03
logika,1787153177956,Escola A,707,f68a7bb6326ab35c9f0be94144a551b7f5c0477010bf4e42ab763865d0aefdc8,equipe,0,0,10,,em_andamento,2026-08-19 12:18:31.513-03
logika,1787153187334,Escola A,707,2521db40647c8bb908203ca3309b2ac7496e46c8705f854ac040740875569cbb,equipe,0,0,10,,em_andamento,2026-08-19 12:18:31.513-03
logika,1787152808696,Escola A,703,1c8df302c460222aab5a9979f078d3ab0049fb20e9985a03418739fd0bc9bed5,equipe,0,0,10,,em_andamento,2026-08-19 12:18:31.514-03
logika,1787153216538,Escola A,706,496cef7e6181d4b7b0b7a81cb90c0ba562e90dfa538da235d496c60e140b27a6,equipe,0,0,10,,em_andamento,2026-08-19 12:18:31.515-03
logika,1787152908397,Escola A,702,820a5d9b3f6e8ecf6694407e6b34759bc06046f320b59e69aa7e9936c4b798fb,equipe,0,0,10,,em_andamento,2026-08-19 12:18:31.515-03
logika,1787152916984,Escola A,703,a0d967286c0d3bd286c963874375ef930ccc1aad4c0207cd53d93485a88eaea7,equipe,0,0,10,,em_andamento,2026-08-19 12:18:31.517-03
dever,1787153317643,Escola A,703,f9cf10d054adeed1aa353b81da891b0bc0f9a6fc5705dcf05c232bd92d3aac38,aluno,0,0,10,,pendente,2026-08-19 12:18:31.530004-03
dever,1787153032415,Escola A,701,7bc1e084bd42734f8bde0d750860cddb3b7b2e429e49516725f034766928ac70,aluno,0,0,10,,pendente,2026-08-19 12:18:31.53207-03
dever,1787152916984,Escola A,703,a0d967286c0d3bd286c963874375ef930ccc1aad4c0207cd53d93485a88eaea7,aluno,0,0,10,,pendente,2026-08-19 12:18:31.544551-03
logika,1787152729223,Escola A,706,97ed74b51e0e31a545a2484f4bbc66b7baae09466bcd49fa0b6b5c03f617747a,equipe,0,0,10,,em_andamento,2026-08-19 12:18:31.551-03
logika,1787153639995,Escola A,703,9465d761d5b00641e46623f57f98505bc9342159a135986a2f232f3481f850e0,equipe,0,0,10,,em_andamento,2026-08-19 12:18:31.551-03
logika,1787152975534,Escola A,702,33c54b1bcb4a9ff009c8bda1b745a98a4cb66f00e23988ebd3456fc36c1cc2b0,equipe,0,0,10,,em_andamento,2026-08-19 12:18:31.552-03
logika,1787153412193,Escola A,702,e1ae00f2af796073f821717d4d47dc1494cdbff3484b8a6ff952e4f9f5d29925,equipe,0,0,10,,em_andamento,2026-08-19 12:18:31.553-03
logika,1787153098923,Escola A,702,05e3c636c599babf14f05f2b99a0df90e239b79bbd1317a0a078e8dd4f450394,equipe,0,0,10,,em_andamento,2026-08-19 12:18:31.554-03
logika,1787153334061,Escola A,706,86cb114c5f60042b08c8107185362ba724e31f9b51548ce72b8052be2e8fdcb3,equipe,0,0,10,,em_andamento,2026-08-19 12:18:31.555-03
logika,1787153034879,Escola A,707,97f869dbd423f8bc2b73b393bd3c7e098171b5894e5fc2a50418810296c70538,equipe,0,0,10,,em_andamento,2026-08-19 12:18:31.555-03
logika,1787153409659,Escola A,706,d118928fe82746d5e0e76e007b636f1d688a6784ed8986972ea4eb082246379a,equipe,0,0,10,,em_andamento,2026-08-19 12:18:31.557-03
logika,1787153045673,Escola A,703,c1b988dd1c335e8c245b4e5bf340dfed3571323c2d188eb8fc0c5dc652e1b7f3,equipe,0,0,10,,em_andamento,2026-08-19 12:18:31.557-03
logika,1787152758292,Escola A,701,450ba029eb4873938d4996a3e8aa529cc37bdcc6b40aefb6e0811e87357cc074,equipe,0,0,10,,em_andamento,2026-08-19 12:18:31.558-03
dever,1787152729223,Escola A,706,97ed74b51e0e31a545a2484f4bbc66b7baae09466bcd49fa0b6b5c03f617747a,aluno,0,0,10,,pendente,2026-08-19 12:18:31.561417-03
dever,1787152975534,Escola A,702,33c54b1bcb4a9ff009c8bda1b745a98a4cb66f00e23988ebd3456fc36c1cc2b0,aluno,0,0,10,,pendente,2026-08-19 12:18:31.566944-03
dever,1787153639995,Escola A,703,9465d761d5b00641e46623f57f98505bc9342159a135986a2f232f3481f850e0,aluno,0,0,10,,pendente,2026-08-19 12:18:31.568731-03
dever,1787153098923,Escola A,702,05e3c636c599babf14f05f2b99a0df90e239b79bbd1317a0a078e8dd4f450394,aluno,0,0,10,,pendente,2026-08-19 12:18:31.569951-03
dever,1787153334061,Escola A,706,86cb114c5f60042b08c8107185362ba724e31f9b51548ce72b8052be2e8fdcb3,aluno,0,0,10,,pendente,2026-08-19 12:18:31.571437-03
logika,1787153604028,Escola A,706,e70cf7d5914e4219388f57844e1554207f3ebdfdafbe6c485f524724755afa71,equipe,0,0,10,,em_andamento,2026-08-19 12:18:31.58-03
logika,1787152813639,Escola A,703,d81d1a91d536d1019a20dfd2e92943fed3520d7c5e1e6e42ab609fecf36c4e4a,equipe,0,0,10,,em_andamento,2026-08-19 12:18:31.581-03
logika,1787152927975,Escola A,701,a59198ef9299cf3adfa31b5827aa1d05da5c73eb341b5e16d22baa8626903b37,equipe,0,0,10,,em_andamento,2026-08-19 12:18:31.581-03
logika,1787153081629,Escola A,703,7c91f1b0e850ec67f90b07e2e95f9c98c3963840b735f57ff39f11cf641007ba,equipe,0,0,10,,em_andamento,2026-08-19 12:18:31.582-03
logika,1787153039551,Escola A,702,efb2fff15c65ca230dd3a8e9ddcd31368d9d2bd9bb969445f6408f4e2c0b08ad,equipe,0,0,10,,em_andamento,2026-08-19 12:18:31.583-03
logika,1787153247258,Escola A,703,ead66037436e6b4618105e322e5e43853a604ad6d80cbccbff8a93de1ebb593a,equipe,0,0,10,,em_andamento,2026-08-19 12:18:31.584-03
logika,1787153077777,Escola A,701,777186b42aee65aaf9cbc74f2c8b18b609ce7457ee1be449b09c9e0f66467930,equipe,0,0,10,,em_andamento,2026-08-19 12:18:31.584-03
logika,1787153630487,Escola A,702,6b282aceeff5dad1994a72f2972ded040b8d8f51d054fd7f0460f1afafb167e2,equipe,0,0,10,,em_andamento,2026-08-19 12:18:31.584-03
logika,1787153328955,Escola A,702,bcf7418c71b73f20f7466c2f906679fb1b6fd0eed26cb4df8c01d4876b798d4b,equipe,0,0,10,,em_andamento,2026-08-19 12:18:31.585-03
logika,1787153510306,Escola A,706,cf962f6eb2f6617dca39e58b3dcba414ddef34433bfb509083f2a2ba9b1a8b40,equipe,0,0,10,,em_andamento,2026-08-19 12:18:31.587-03
dever,1787152813639,Escola A,703,d81d1a91d536d1019a20dfd2e92943fed3520d7c5e1e6e42ab609fecf36c4e4a,aluno,0,0,10,,pendente,2026-08-19 12:18:31.593541-03
dever,1787153081629,Escola A,703,7c91f1b0e850ec67f90b07e2e95f9c98c3963840b735f57ff39f11cf641007ba,aluno,0,0,10,,pendente,2026-08-19 12:18:31.596407-03
dever,1787152927975,Escola A,701,a59198ef9299cf3adfa31b5827aa1d05da5c73eb341b5e16d22baa8626903b37,aluno,0,0,10,,pendente,2026-08-19 12:18:31.597572-03
dever,1787153328955,Escola A,702,bcf7418c71b73f20f7466c2f906679fb1b6fd0eed26cb4df8c01d4876b798d4b,aluno,0,0,10,,pendente,2026-08-19 12:18:31.602493-03
dever,1787153510306,Escola A,706,cf962f6eb2f6617dca39e58b3dcba414ddef34433bfb509083f2a2ba9b1a8b40,aluno,0,0,10,,pendente,2026-08-19 12:18:31.603828-03
logika,1787153198990,Escola A,706,c4e6c9a9ad6b725a8c3118248e6f7cbfdecb75beb14c18187c5f372b19f044ed,equipe,0,0,10,,em_andamento,2026-08-19 12:18:31.611-03
logika,1787153561111,Escola A,707,888de38c7bb18139009de97c96a3843c8b1842b030634f5f788c1036a4daca19,equipe,0,0,10,,em_andamento,2026-08-19 12:18:31.611-03
logika,1787152744732,Escola A,706,1bd2f82280914beba81f3b72a254cf191afe94fb1f19b5485489859d639e45c3,equipe,0,0,10,,em_andamento,2026-08-19 12:18:31.612-03
logika,1787153101126,Escola A,701,0a668c4c0f5b9e45809eaf97ac8a7055dd75c7200e04039dffbfeb758c2c2e23,equipe,0,0,10,,em_andamento,2026-08-19 12:18:31.612-03
logika,1787153518907,Escola A,702,b34c2acc0e3a959920b0659c06a1b01d1f6719413a6af33c3a2327ea6356fa8d,equipe,0,0,10,,em_andamento,2026-08-19 12:18:31.613-03
logika,1787152979433,Escola A,706,80ff0fa0101b07aa38830c9a890c5138f0590a45ced888695594ab3792e5228f,equipe,0,0,10,,em_andamento,2026-08-19 12:18:31.614-03
logika,1787153697213,Escola A,703,42c274513e3f5d5be35ac2b387f7b24fc587d0a70fafe02744cc396746372e6f,equipe,0,0,10,,em_andamento,2026-08-19 12:18:31.614-03
logika,1787153495735,Escola A,701,93764a2784cba255967758798ce2b897d90b52a12155ae648dd6b6429ab9d896,equipe,0,0,10,,em_andamento,2026-08-19 12:18:31.615-03
logika,1787153086435,Escola A,706,64998eedfb885f21473fdaf6f209d3dbada8a304fc6fa44f23cd7dd1e4e368ac,equipe,0,0,10,,em_andamento,2026-08-19 12:18:31.615-03
logika,1787153421012,Escola A,702,175244358f9df9e0a0819bd573ef8f0cf3f36a27ef3a3241dd56ff9e21dab8ea,equipe,0,0,10,,em_andamento,2026-08-19 12:18:31.618-03
dever,1787153198990,Escola A,706,c4e6c9a9ad6b725a8c3118248e6f7cbfdecb75beb14c18187c5f372b19f044ed,aluno,0,0,10,,pendente,2026-08-19 12:18:31.621827-03
dever,1787153101126,Escola A,701,0a668c4c0f5b9e45809eaf97ac8a7055dd75c7200e04039dffbfeb758c2c2e23,aluno,0,0,10,,pendente,2026-08-19 12:18:31.622427-03
dever,1787152979433,Escola A,706,80ff0fa0101b07aa38830c9a890c5138f0590a45ced888695594ab3792e5228f,aluno,0,0,10,,pendente,2026-08-19 12:18:31.623482-03
dever,1787153086435,Escola A,706,64998eedfb885f21473fdaf6f209d3dbada8a304fc6fa44f23cd7dd1e4e368ac,aluno,0,0,10,,pendente,2026-08-19 12:18:31.62515-03
dever,1787152744732,Escola A,706,1bd2f82280914beba81f3b72a254cf191afe94fb1f19b5485489859d639e45c3,aluno,0,0,10,,pendente,2026-08-19 12:18:31.625861-03
dever,1787153518907,Escola A,702,b34c2acc0e3a959920b0659c06a1b01d1f6719413a6af33c3a2327ea6356fa8d,aluno,0,0,10,,pendente,2026-08-19 12:18:31.626452-03
dever,1787153697213,Escola A,703,42c274513e3f5d5be35ac2b387f7b24fc587d0a70fafe02744cc396746372e6f,aluno,0,0,10,,pendente,2026-08-19 12:18:31.627858-03
logika,1787153340754,Escola A,701,3f061449b2e8da0e55de01e361cf4688400a1e8995516cba72b5058570eb2ca8,equipe,0,0,10,,em_andamento,2026-08-19 12:18:31.635-03
logika,1787152867859,Escola A,701,f8f546f18a4b647ed182e7ad86b75d85528d682a16169364e926bd02f7d0de9d,equipe,0,0,10,,em_andamento,2026-08-19 12:18:31.635-03
logika,1787153166742,Escola A,707,1e07cf5a2defe477ea33942128968ca196dbab16a7a339df71cd0c42a53053be,equipe,0,0,10,,em_andamento,2026-08-19 12:18:31.636-03
logika,1787153632657,Escola A,707,c40dddc1956a80159388a85d715ed250bf538d1abcc4151714bc6d74e5ea2fb2,equipe,0,0,10,,em_andamento,2026-08-19 12:18:31.636-03
logika,1787153663632,Escola A,707,91f1261227c7df903f80b3e33eb3add6d7e30a104faea4bea03139e2f2033894,equipe,0,0,10,,em_andamento,2026-08-19 12:18:31.637-03
logika,1787153631162,Escola A,706,9d329b273dce31f04a65334ac6a226f9ee380739620820965ced41a9635b5a19,equipe,0,0,10,,em_andamento,2026-08-19 12:18:31.638-03
logika,1787153152617,Escola A,706,6dcd65b977b05e3f3b403c9f6a179adb65cc98c9b22a432db11a9318cbe7f9e0,equipe,0,0,10,,em_andamento,2026-08-19 12:18:31.639-03
logika,1787153659429,Escola A,702,f0cb3f42f5afdfe4488da4827ea01741804524bf5450f738a78c5ecf56be11c6,equipe,0,0,10,,em_andamento,2026-08-19 12:18:31.639-03
logika,1787152755865,Escola A,702,9a4e0fef9920d8d8268616bf7844f5fb7da3f7656e424a28e19442a1dc520698,equipe,0,0,10,,em_andamento,2026-08-19 12:18:31.64-03
logika,1787153452924,Escola A,707,c9673809cf3f3d010d12e2a30c75dcd83cf4846d798837bce91a91c1b7fb5d5d,equipe,0,0,10,,em_andamento,2026-08-19 12:18:31.641-03
dever,1787153166742,Escola A,707,1e07cf5a2defe477ea33942128968ca196dbab16a7a339df71cd0c42a53053be,aluno,0,0,10,,pendente,2026-08-19 12:18:31.644831-03
dever,1787153632657,Escola A,707,c40dddc1956a80159388a85d715ed250bf538d1abcc4151714bc6d74e5ea2fb2,aluno,0,0,10,,pendente,2026-08-19 12:18:31.645224-03
dever,1787152867859,Escola A,701,f8f546f18a4b647ed182e7ad86b75d85528d682a16169364e926bd02f7d0de9d,aluno,0,0,10,,pendente,2026-08-19 12:18:31.645705-03
dever,1787153663632,Escola A,707,91f1261227c7df903f80b3e33eb3add6d7e30a104faea4bea03139e2f2033894,aluno,0,0,10,,pendente,2026-08-19 12:18:31.646738-03
dever,1787153659429,Escola A,702,f0cb3f42f5afdfe4488da4827ea01741804524bf5450f738a78c5ecf56be11c6,aluno,0,0,10,,pendente,2026-08-19 12:18:31.64897-03
dever,1787152755865,Escola A,702,9a4e0fef9920d8d8268616bf7844f5fb7da3f7656e424a28e19442a1dc520698,aluno,0,0,10,,pendente,2026-08-19 12:18:31.650809-03
dever,1787153452924,Escola A,707,c9673809cf3f3d010d12e2a30c75dcd83cf4846d798837bce91a91c1b7fb5d5d,aluno,0,0,10,,pendente,2026-08-19 12:18:31.651766-03
logika,1787153224424,Escola A,703,47b21679b7409bd8f274642c35c9cc099fdb7b0cb21f132037fb801688be49e8,equipe,0,0,10,,em_andamento,2026-08-19 12:18:31.656-03
logika,1787152726952,Escola A,702,309e0a3a2f5c20f6c5a9433afe3118fdf302f00ea8db8cf8d950bc36ff179194,equipe,0,0,10,,em_andamento,2026-08-19 12:18:31.656-03
logika,1787153408150,Escola A,702,22057b33f0449b9feb211e07870c0925e3f109d7c471dbe6858cec0fcdbd0351,equipe,0,0,10,,em_andamento,2026-08-19 12:18:31.656-03
logika,1787152854463,Escola A,702,4e5eda779af9978b68b9529e58e027ba2ca4c733a3452e21c02cd876df48f97d,equipe,0,0,10,,em_andamento,2026-08-19 12:18:31.657-03
logika,1787153650239,Escola A,702,4b2b1412a066dcdc5d1df3078d9b8bf1db98c8221653f0b9d6408a5d45a57abc,equipe,0,0,10,,em_andamento,2026-08-19 12:18:31.658-03
logika,1787153174609,Escola A,707,59e1b0fb618bb8de0913519b2bb4ef4cd0b45681752ca8ef67c12c85e0c6b70d,equipe,0,0,10,,em_andamento,2026-08-19 12:18:31.659-03
logika,1787153619201,Escola A,706,4450ce3d002e84eccd85c76281c57e879cd6433190e779416035f1057b7572b2,equipe,0,0,10,,em_andamento,2026-08-19 12:18:31.659-03
logika,1787153671538,Escola A,703,06b381e94fb9603ef0fd2ea24167423408f61bb1c948736efb24be0da3035f83,equipe,0,0,10,,em_andamento,2026-08-19 12:18:31.659-03
logika,1787153296271,Escola A,701,c3b017a0aec5062c1258539ba96e163cd765a8f82d550902464be3bfa2dfb431,equipe,0,0,10,,em_andamento,2026-08-19 12:18:31.66-03
logika,1787153224348,Escola A,703,b3ae22a9c04365144f1a5a4913eb4d2b10e31645f93410b83bffbdc8497742d7,equipe,0,0,10,,em_andamento,2026-08-19 12:18:31.663-03
dever,1787152726952,Escola A,702,309e0a3a2f5c20f6c5a9433afe3118fdf302f00ea8db8cf8d950bc36ff179194,aluno,0,0,10,,pendente,2026-08-19 12:18:31.666168-03
dever,1787153224424,Escola A,703,47b21679b7409bd8f274642c35c9cc099fdb7b0cb21f132037fb801688be49e8,aluno,0,0,10,,pendente,2026-08-19 12:18:31.666539-03
dever,1787153408150,Escola A,702,22057b33f0449b9feb211e07870c0925e3f109d7c471dbe6858cec0fcdbd0351,aluno,0,0,10,,pendente,2026-08-19 12:18:31.667011-03
dever,1787153671538,Escola A,703,06b381e94fb9603ef0fd2ea24167423408f61bb1c948736efb24be0da3035f83,aluno,0,0,10,,pendente,2026-08-19 12:18:31.669342-03
dever,1787153296271,Escola A,701,c3b017a0aec5062c1258539ba96e163cd765a8f82d550902464be3bfa2dfb431,aluno,0,0,10,,pendente,2026-08-19 12:18:31.672156-03
dever,1787153174609,Escola A,707,59e1b0fb618bb8de0913519b2bb4ef4cd0b45681752ca8ef67c12c85e0c6b70d,aluno,0,0,10,,pendente,2026-08-19 12:18:31.673187-03
dever,1787153224348,Escola A,703,b3ae22a9c04365144f1a5a4913eb4d2b10e31645f93410b83bffbdc8497742d7,aluno,0,0,10,,pendente,2026-08-19 12:18:31.676102-03
logika,1787153498490,Escola A,706,e44b78816d2db39d7afdeb603a823ecdb56dea3084573cb77fe530fa12a939d2,equipe,0,0,10,,em_andamento,2026-08-19 12:18:31.681-03
logika,1787152931489,Escola A,701,8d2364e3b834cc3a72996bf04dc18d4c9442edf4e59df41aa3b75e631b896b3b,equipe,0,0,10,,em_andamento,2026-08-19 12:18:31.681-03
logika,1787153047821,Escola A,706,9adc349447804a97a4b6455368f0ab24d0e29a5a5e265649413b5fbe26c98b70,equipe,0,0,10,,em_andamento,2026-08-19 12:18:31.681-03
logika,1787153374349,Escola A,707,6830aa580c6011cab86af0ea0af092f905556c38f1ca2aaa95f3bd03ca53ebed,equipe,0,0,10,,em_andamento,2026-08-19 12:18:31.682-03
logika,1787153490849,Escola A,707,15e2e28bbb88d829552a921d4064cecd9660f41d727adb623e53cf16f39fcb6c,equipe,0,0,10,,em_andamento,2026-08-19 12:18:31.683-03
logika,1787152894719,Escola A,706,78a3e59321d144851d24d948c88ecbf433f4d2c906b8cb8746024e8c1c55d7ca,equipe,0,0,10,,em_andamento,2026-08-19 12:18:31.685-03
logika,1787153187603,Escola A,701,66019d7e1f48a38ea20361eea9d5a2b44200effa8c57893eac6dae55bd6113fd,equipe,0,0,10,,em_andamento,2026-08-19 12:18:31.685-03
logika,1787153429447,Escola A,707,8cd5196c3d685eab9e8db0d38516229f9253c380beb284519f61a895f564b7f7,equipe,0,0,10,,em_andamento,2026-08-19 12:18:31.686-03
logika,1787153651461,Escola A,701,6fc9c0f39f6282a42bf7bad7ff43dc13db8fae8aa7e7049b3603b56792c142c1,equipe,0,0,10,,em_andamento,2026-08-19 12:18:31.686-03
logika,1787152808440,Escola A,702,040baeedd3db03bfd28b054a3b76f86d51a2da14a92921b625d40ba31237b3fe,equipe,0,0,10,,em_andamento,2026-08-19 12:18:31.688-03
dever,1787153047821,Escola A,706,9adc349447804a97a4b6455368f0ab24d0e29a5a5e265649413b5fbe26c98b70,aluno,0,0,10,,pendente,2026-08-19 12:18:31.693597-03
dever,1787153490849,Escola A,707,15e2e28bbb88d829552a921d4064cecd9660f41d727adb623e53cf16f39fcb6c,aluno,0,0,10,,pendente,2026-08-19 12:18:31.694595-03
dever,1787153498490,Escola A,706,e44b78816d2db39d7afdeb603a823ecdb56dea3084573cb77fe530fa12a939d2,aluno,0,0,10,,pendente,2026-08-19 12:18:31.695926-03
logika,1787153011771,Escola A,701,97207ac03b8f3dd6f5e903a5c5cd7dbf402d76a6dce160459fe7c355a8ff6f18,equipe,0,0,10,,em_andamento,2026-08-19 12:18:31.705-03
logika,1787153663407,Escola A,701,f6efcd7be85036bb886b0131efea5b77c55251ee5c291aa3a5ab828887055a12,equipe,0,0,10,,em_andamento,2026-08-19 12:18:31.706-03
logika,1787153164886,Escola A,706,f7aacf35a6324d8f1c4698a552f9f2be200f518803856f1a50b404fef93bbac6,equipe,0,0,10,,em_andamento,2026-08-19 12:18:31.707-03
logika,1787153509586,Escola A,706,4c430d3e3e85821fcfc1bf14364c6972c25c7f1fff4247dfa263b7fbf824dd2d,equipe,0,0,10,,em_andamento,2026-08-19 12:18:31.707-03
logika,1787152986360,Escola A,707,b56d5360d6db3756a21329d1b8778f54d31d86ba417a8b00c59de0987d1dc668,equipe,0,0,10,,em_andamento,2026-08-19 12:18:31.709-03
logika,1787153401214,Escola A,702,250079ccaf40b2c7aedbfc102f78ee7214ab5f2d489436d12bd52b8fdcf2ff07,equipe,0,0,10,,em_andamento,2026-08-19 12:18:31.709-03
logika,1787152829811,Escola A,701,6a148c56ea6accdd811fad60ff6b9f5f205a328c5f3c37fee2d734bd4badb998,equipe,0,0,10,,em_andamento,2026-08-19 12:18:31.709-03
logika,1787153421802,Escola A,707,7808765d3fc08798917edce4a0b60ed41196e04ed08c63a5b9ecca6e976052e6,equipe,0,0,10,,em_andamento,2026-08-19 12:18:31.71-03
logika,1787152723781,Escola A,702,18c0ec1ba0cd4b65686bda771241ed968f8126497e00d8057b0809b21161bd36,equipe,0,0,10,,em_andamento,2026-08-19 12:18:31.711-03
logika,1787153042187,Escola A,701,24013fa145c13acfb27ed4b22cf16198a3027bc543f5f1402848e88e71a574d1,equipe,0,0,10,,em_andamento,2026-08-19 12:18:31.711-03
dever,1787152986360,Escola A,707,b56d5360d6db3756a21329d1b8778f54d31d86ba417a8b00c59de0987d1dc668,aluno,0,0,10,,pendente,2026-08-19 12:18:31.721631-03
dever,1787153509586,Escola A,706,4c430d3e3e85821fcfc1bf14364c6972c25c7f1fff4247dfa263b7fbf824dd2d,aluno,0,0,10,,pendente,2026-08-19 12:18:31.722646-03
dever,1787153421802,Escola A,707,7808765d3fc08798917edce4a0b60ed41196e04ed08c63a5b9ecca6e976052e6,aluno,0,0,10,,pendente,2026-08-19 12:18:31.728207-03
dever,1787152723781,Escola A,702,18c0ec1ba0cd4b65686bda771241ed968f8126497e00d8057b0809b21161bd36,aluno,0,0,10,,pendente,2026-08-19 12:18:31.728963-03
dever,1787153042187,Escola A,701,24013fa145c13acfb27ed4b22cf16198a3027bc543f5f1402848e88e71a574d1,aluno,0,0,10,,pendente,2026-08-19 12:18:31.729268-03
logika,1787152833493,Escola A,701,fc7bea1f1b97863977b76308b18688b6c189f710022c426b25b8639837e260a6,equipe,0,0,10,,em_andamento,2026-08-19 12:18:31.736-03
logika,1787153558192,Escola A,702,8cfb0c8faba9580741ad23b3f3079b79524ae83e77d3eb4d0effceca3a0d3d86,equipe,0,0,10,,em_andamento,2026-08-19 12:18:31.737-03
logika,1787153679827,Escola A,703,c78af600da15aefce6bb786daee20db322bc0f6ae7f6da6cd5f2e9a7eb7852eb,equipe,0,0,10,,em_andamento,2026-08-19 12:18:31.737-03
logika,1787153218683,Escola A,703,b421b5c1e7d1fc8a9935e51c763ba6c84d614548ceb14bea58e2fd7f942b3d98,equipe,0,0,10,,em_andamento,2026-08-19 12:18:31.737-03
logika,1787152785367,Escola A,707,bdf16ddc6ec1ebf1b2c66175916aacac6790f009a52bd05e7a964b44c80850af,equipe,0,0,10,,em_andamento,2026-08-19 12:18:31.738-03
logika,1787153365658,Escola A,702,9e9bb9e08ec159df7eca6d856d552670135586318ea9b7ff91d4948a41d8459e,equipe,0,0,10,,em_andamento,2026-08-19 12:18:31.739-03
logika,1787152991676,Escola A,703,a228f6eefe4f46b4be46abefcd037b518364f9918e52c70cb685e7bb599bae5b,equipe,0,0,10,,em_andamento,2026-08-19 12:18:31.739-03
logika,1787153680521,Escola A,706,3f75f1b7e6179a4d1a80032d0f77a4e5f41763fbe46bba164b15632e62191cf2,equipe,0,0,10,,em_andamento,2026-08-19 12:18:31.74-03
logika,1787153660712,Escola A,702,b4a72a5ebb1ef385322ba3a6fef25d4ac001d64aa9714ecdb61c25b06ff911a9,equipe,0,0,10,,em_andamento,2026-08-19 12:18:31.741-03
logika,1787152972136,Escola A,706,ca065d8eec0d326ceb3aab822b79d9a1c707204ba339b0458669ff99915e1605,equipe,0,0,10,,em_andamento,2026-08-19 12:18:31.745-03
dever,1787152785367,Escola A,707,bdf16ddc6ec1ebf1b2c66175916aacac6790f009a52bd05e7a964b44c80850af,aluno,0,0,10,,pendente,2026-08-19 12:18:31.749317-03
dever,1787153558192,Escola A,702,8cfb0c8faba9580741ad23b3f3079b79524ae83e77d3eb4d0effceca3a0d3d86,aluno,0,0,10,,pendente,2026-08-19 12:18:31.749335-03
dever,1787153679827,Escola A,703,c78af600da15aefce6bb786daee20db322bc0f6ae7f6da6cd5f2e9a7eb7852eb,aluno,0,0,10,,pendente,2026-08-19 12:18:31.754844-03
logika,1787152939827,Escola A,707,1892eaaf589ee824b92e340609d433c092aa4845ac03001ab1155a574a2e0bc9,equipe,0,0,10,,em_andamento,2026-08-19 12:18:31.762-03
logika,1787153198715,Escola A,702,a586370ae0b3048d02327838d1d819ae48e09a128627b04deca6bf1071aa97d3,equipe,0,0,10,,em_andamento,2026-08-19 12:18:31.762-03
logika,1787152870227,Escola A,701,f302b5c2b6dabd1ad3fb02c4c5fdbd48a6ea98d93ecd0286a25af027ea32db13,equipe,0,0,10,,em_andamento,2026-08-19 12:18:31.764-03
logika,1787152959158,Escola A,703,f03a448dbe4b3e078dac98a677c2f1e249ff9ec8c65162165634f147a12ccf28,equipe,0,0,10,,em_andamento,2026-08-19 12:18:31.764-03
logika,1787153069056,Escola A,702,4c44f6bdeb9cf74fba93ae7d841a4bd5660dc3e259b18558ab2d11bd8cc2ddd9,equipe,0,0,10,,em_andamento,2026-08-19 12:18:31.764-03
logika,1787153578445,Escola A,702,1283938f9e4d76f327970adc85a6c38742f9b0b015d9ec6d5bd8184e646fa105,equipe,0,0,10,,em_andamento,2026-08-19 12:18:31.764-03
logika,1787153412095,Escola A,707,93dfd62e80586dbbeae3c479c424f4c48bbcb317b7919debd8bf73d507da72b6,equipe,0,0,10,,em_andamento,2026-08-19 12:18:31.765-03
logika,1787153047318,Escola A,706,34fc4c7dcd510c65d2fc8400f60c03c6c9171d53892217688b0687cea4e89b88,equipe,0,0,10,,em_andamento,2026-08-19 12:18:31.769-03
logika,1787152962442,Escola A,703,1f7f0fe95d697bb658055585effa4187b4177bade42d741f52251e751819be1b,equipe,0,0,10,,em_andamento,2026-08-19 12:18:31.77-03
logika,1787152772111,Escola A,706,800696442ce5c0e938c9dca8d54d907a182330464d856a6d4b8159efc386db7b,equipe,0,0,10,,em_andamento,2026-08-19 12:18:31.77-03
dever,1787152959158,Escola A,703,f03a448dbe4b3e078dac98a677c2f1e249ff9ec8c65162165634f147a12ccf28,aluno,0,0,10,,pendente,2026-08-19 12:18:31.771026-03
dever,1787153198715,Escola A,702,a586370ae0b3048d02327838d1d819ae48e09a128627b04deca6bf1071aa97d3,aluno,0,0,10,,pendente,2026-08-19 12:18:31.772521-03
dever,1787152939827,Escola A,707,1892eaaf589ee824b92e340609d433c092aa4845ac03001ab1155a574a2e0bc9,aluno,0,0,10,,pendente,2026-08-19 12:18:31.772973-03
logika,1787153044528,Escola A,707,4f81eeaee73af1b625760d51a0d29695b82a7ceeb046a63b328170d9ad3441f9,equipe,0,0,10,,em_andamento,2026-08-19 12:18:31.785-03
logika,1787153249768,Escola A,706,427bcb804ee68e0fcd4ffd2eac66bf4f170c1a23a581aa253e619e5c4d003bdc,equipe,0,0,10,,em_andamento,2026-08-19 12:18:31.785-03
logika,1787152914058,Escola A,703,38b2b9138218e6ba2faf12e717a1702d8b644e39026415a1f6d240248e11cfe2,equipe,0,0,10,,em_andamento,2026-08-19 12:18:31.785-03
logika,1787153614649,Escola A,707,96a176b7c9129bb303cb94387407ccedbeb4ef4d1b6cfc8abc61d8650914f78a,equipe,0,0,10,,em_andamento,2026-08-19 12:18:31.786-03
logika,1787153071718,Escola A,706,24e0af71416dfa2f2eb52f66c2f49db1066c74a59e4106a2f8b71cbdb7fa9832,equipe,0,0,10,,em_andamento,2026-08-19 12:18:31.786-03
logika,1787153064927,Escola A,707,4eb1d4c75aaf731b442cc15a60acb116334a5e0f6d119ebc4ed6fb2a6af3605d,equipe,0,0,10,,em_andamento,2026-08-19 12:18:31.786-03
logika,1787153384320,Escola A,707,ae43f4c549ba62be4e9d633f2aaf80b82d59fe29183b4b815d62039bee28c7a6,equipe,0,0,10,,em_andamento,2026-08-19 12:18:31.787-03
logika,1787153232991,Escola A,706,e0224777517ae103252b1f0add904a26ce108e856ccdd3ac341178df45be57d2,equipe,0,0,10,,em_andamento,2026-08-19 12:18:31.787-03
logika,1787153001529,Escola A,701,e032c735ff5cdb228a16d45694b5b906a5554816f95a8c5ab05e01fa06f7214e,equipe,0,0,10,,em_andamento,2026-08-19 12:18:31.788-03
logika,1787153001007,Escola A,703,46567c9e2b477b94b0e0d69bb67e6a583c46c32282d97c48609e74dd936850ae,equipe,0,0,10,,em_andamento,2026-08-19 12:18:31.791-03
dever,1787153249768,Escola A,706,427bcb804ee68e0fcd4ffd2eac66bf4f170c1a23a581aa253e619e5c4d003bdc,aluno,0,0,10,,pendente,2026-08-19 12:18:31.794012-03
dever,1787153071718,Escola A,706,24e0af71416dfa2f2eb52f66c2f49db1066c74a59e4106a2f8b71cbdb7fa9832,aluno,0,0,10,,pendente,2026-08-19 12:18:31.795437-03
dever,1787153232991,Escola A,706,e0224777517ae103252b1f0add904a26ce108e856ccdd3ac341178df45be57d2,aluno,0,0,10,,pendente,2026-08-19 12:18:31.797681-03
dever,1787152914058,Escola A,703,38b2b9138218e6ba2faf12e717a1702d8b644e39026415a1f6d240248e11cfe2,aluno,0,0,10,,pendente,2026-08-19 12:18:31.798258-03
dever,1787153614649,Escola A,707,96a176b7c9129bb303cb94387407ccedbeb4ef4d1b6cfc8abc61d8650914f78a,aluno,0,0,10,,pendente,2026-08-19 12:18:31.799221-03
dever,1787153384320,Escola A,707,ae43f4c549ba62be4e9d633f2aaf80b82d59fe29183b4b815d62039bee28c7a6,aluno,0,0,10,,pendente,2026-08-19 12:18:31.801152-03
logika,1787152758810,Escola A,703,d561faa4193082c6b6a168e95abcbbd20bbf7c3548ec0799a5c74b3b3e2fec56,equipe,0,0,10,,em_andamento,2026-08-19 12:18:31.804-03
logika,1787153569193,Escola A,703,ce2f7de720241266373f947c0ea5c1bc94bfb03cadfa3717e3495f9b232edfd5,equipe,0,0,10,,em_andamento,2026-08-19 12:18:31.805-03
logika,1787153690959,Escola A,703,149ad51a1bcf99d0a139eebb5b08aebeaee4315dafc164a4073be7f14b9b98af,equipe,0,0,10,,em_andamento,2026-08-19 12:18:31.806-03
logika,1787153102619,Escola A,703,6df79dd0541f6744028d528b1b2a3117a02bc8777551e261adf22cf036bd9492,equipe,0,0,10,,em_andamento,2026-08-19 12:18:31.806-03
logika,1787153100466,Escola A,707,a207bc45de75148e36e6c07bf3b6708e1bcd05b1e6aeac7e87b237eff582a119,equipe,0,0,10,,em_andamento,2026-08-19 12:18:31.806-03
logika,1787152864767,Escola A,703,4bf534cbf9030fefcc795d1091a2532c939f745a7e6032c6f5c686051c3c205a,equipe,0,0,10,,em_andamento,2026-08-19 12:18:31.808-03
logika,1787153626973,Escola A,707,145a14420a76cef54f1832fdd36b80c6af634a0a4831331541a58dd75cf3ec3a,equipe,0,0,10,,em_andamento,2026-08-19 12:18:31.808-03
logika,1787153341634,Escola A,701,43322e8032a2fd3b2383eddb23a0fb222b3069576f83e0f316387c0903e941be,equipe,0,0,10,,em_andamento,2026-08-19 12:18:31.808-03
logika,1787153552173,Escola A,703,1ce0f2ded3c49981db3ee8bac6e445392a2c4f65abd2976a15f2a00677a276f2,equipe,0,0,10,,em_andamento,2026-08-19 12:18:31.812-03
logika,1787153307352,Escola A,701,17ec106f4f688556b49cbe541bdee213ff0039db9a59efb18d57341a3134bd74,equipe,0,0,10,,em_andamento,2026-08-19 12:18:31.812-03
dever,1787152758810,Escola A,703,d561faa4193082c6b6a168e95abcbbd20bbf7c3548ec0799a5c74b3b3e2fec56,aluno,0,0,10,,pendente,2026-08-19 12:18:31.814026-03
dever,1787153102619,Escola A,703,6df79dd0541f6744028d528b1b2a3117a02bc8777551e261adf22cf036bd9492,aluno,0,0,10,,pendente,2026-08-19 12:18:31.816827-03
dever,1787153307352,Escola A,701,17ec106f4f688556b49cbe541bdee213ff0039db9a59efb18d57341a3134bd74,aluno,0,0,10,,pendente,2026-08-19 12:18:31.819492-03
dever,1787153552173,Escola A,703,1ce0f2ded3c49981db3ee8bac6e445392a2c4f65abd2976a15f2a00677a276f2,aluno,0,0,10,,pendente,2026-08-19 12:18:31.81989-03
dever,1787153626973,Escola A,707,145a14420a76cef54f1832fdd36b80c6af634a0a4831331541a58dd75cf3ec3a,aluno,0,0,10,,pendente,2026-08-19 12:18:31.82002-03
dever,1787152864767,Escola A,703,4bf534cbf9030fefcc795d1091a2532c939f745a7e6032c6f5c686051c3c205a,aluno,0,0,10,,pendente,2026-08-19 12:18:31.82185-03
logika,1787152843404,Escola A,706,35256942b4476528c6a7ea6ce51d5544a238a72678994bed4ba564c7d7720f66,equipe,0,0,10,,em_andamento,2026-08-19 12:18:31.825-03
logika,1787152802344,Escola A,703,523c8b976af84e29986a05b11b0e4c4b3509eece704ec0659451c23d210aa633,equipe,0,0,10,,em_andamento,2026-08-19 12:18:31.825-03
logika,1787152907180,Escola B,801,62467eba7e58e69dd0659848376e7a1f8cdbfd98d50361ce9871004d30bd606f,equipe,0,0,10,,em_andamento,2026-08-19 12:18:31.825-03
logika,1787153182480,Escola A,703,830fbd7609e9265129d44c4595436acdc9c8355ff40341671bd48325afea0638,equipe,0,0,10,,em_andamento,2026-08-19 12:18:31.825-03
logika,1787153464759,Escola A,702,1237603911334a671775d7848e0f4a4fec4784824cfa838221d6f4f2aaef3b3e,equipe,0,0,10,,em_andamento,2026-08-19 12:18:31.825-03
logika,1787153144350,Escola A,701,5c919223ce003b9c4e18bd425c63422ec287387bf792245da492491b49ae1bb6,equipe,0,0,10,,em_andamento,2026-08-19 12:18:31.828-03
logika,1787153108684,Escola A,706,e03ea959d34d7b1dcd7745752ae734c451950384fd845eb9bcaaaca143505eb9,equipe,0,0,10,,em_andamento,2026-08-19 12:18:31.828-03
logika,1787153245902,Escola A,706,444e8fb4dc4c0e14fa94c2155738bcead6f100a62fa07b0c895e29811aea9fba,equipe,0,0,10,,em_andamento,2026-08-19 12:18:31.829-03
logika,1787152803316,Escola A,707,1e2dc4a5dcd24f0dcae7ed0f21023c205aced3b44bf173cd9959127fd5625038,equipe,0,0,10,,em_andamento,2026-08-19 12:18:31.829-03
logika,1787153262959,Escola A,703,0038bb1c4260670aa49185b017ef14fa18c5c0a223fbe55d16ea84563539b851,equipe,0,0,10,,em_andamento,2026-08-19 12:18:31.83-03
dever,1787153108684,Escola A,706,e03ea959d34d7b1dcd7745752ae734c451950384fd845eb9bcaaaca143505eb9,aluno,0,0,10,,pendente,2026-08-19 12:18:31.834448-03
dever,1787152843404,Escola A,706,35256942b4476528c6a7ea6ce51d5544a238a72678994bed4ba564c7d7720f66,aluno,0,0,10,,pendente,2026-08-19 12:18:31.836728-03
dever,1787153464759,Escola A,702,1237603911334a671775d7848e0f4a4fec4784824cfa838221d6f4f2aaef3b3e,aluno,0,0,10,,pendente,2026-08-19 12:18:31.837515-03
dever,1787152907180,Escola B,801,62467eba7e58e69dd0659848376e7a1f8cdbfd98d50361ce9871004d30bd606f,aluno,0,0,10,,pendente,2026-08-19 12:18:31.838341-03
dever,1787152803316,Escola A,707,1e2dc4a5dcd24f0dcae7ed0f21023c205aced3b44bf173cd9959127fd5625038,aluno,0,0,10,,pendente,2026-08-19 12:18:31.840031-03
dever,1787153262959,Escola A,703,0038bb1c4260670aa49185b017ef14fa18c5c0a223fbe55d16ea84563539b851,aluno,0,0,10,,pendente,2026-08-19 12:18:31.84049-03
dever,1787153144350,Escola A,701,5c919223ce003b9c4e18bd425c63422ec287387bf792245da492491b49ae1bb6,aluno,0,0,10,,pendente,2026-08-19 12:18:31.840543-03
logika,1787153168527,Escola A,703,63eb2f6344b975b2745e70ef659ed7d7dd0a45892ff2c9b8c1f43a17236a6104,equipe,0,0,10,,em_andamento,2026-08-19 12:18:31.844-03
logika,1787153056991,Escola A,707,c800b9ecdf880e3844d7f993cde2999876d2c88a77df9f9f9ecda34ce04679c5,equipe,0,0,10,,em_andamento,2026-08-19 12:18:31.845-03
logika,1787152818171,Escola A,706,9b87e24f623444669f7cf1b9fc43f9331cdf80205eeb6b801291693db9e935e3,equipe,0,0,10,,em_andamento,2026-08-19 12:18:31.845-03
logika,1787153405327,Escola A,707,c35609f9f228f28eff8127d181dc157f89b7aa4eae8dbcb3de0411aaf04b8808,equipe,0,0,10,,em_andamento,2026-08-19 12:18:31.845-03
logika,1787152966696,Escola A,701,c2be894a91832e5f38cfe1e9d2a2358cb5e7b568bf12502cf731b9777b8c6b59,equipe,0,0,10,,em_andamento,2026-08-19 12:18:31.845-03
logika,1787153650797,Escola A,706,5067cab4bbac50cd30ec61f01140bf121ab04f85c67fbd203d27ed8cc0ff577c,equipe,0,0,10,,em_andamento,2026-08-19 12:18:31.845-03
logika,1787152725321,Escola A,703,cece3e82749b132a69c0dca8eb62c10569a82cdd0689d105c36cdd4b2e53c871,equipe,0,0,10,,em_andamento,2026-08-19 12:18:31.852-03
logika,1787153236975,Escola A,706,97d78661f6b44501c0023863c956a8fcd689735ab9571118cc8a503099d15509,equipe,0,0,10,,em_andamento,2026-08-19 12:18:31.852-03
logika,1787153444800,Escola A,707,0548117f0436a9e66635321105b9c22acf8a174e8ac65eddc9f5bd5ff7756618,equipe,0,0,10,,em_andamento,2026-08-19 12:18:31.852-03
logika,1787153272426,Escola A,703,19c0da1efb78b305a567418c3dd6f13c915e7046ca063ab673d04230c78072d2,equipe,0,0,10,,em_andamento,2026-08-19 12:18:31.853-03
dever,1787153056991,Escola A,707,c800b9ecdf880e3844d7f993cde2999876d2c88a77df9f9f9ecda34ce04679c5,aluno,0,0,10,,pendente,2026-08-19 12:18:31.862482-03
dever,1787153444800,Escola A,707,0548117f0436a9e66635321105b9c22acf8a174e8ac65eddc9f5bd5ff7756618,aluno,0,0,10,,pendente,2026-08-19 12:18:31.870664-03
logika,1787152717994,Escola A,703,742910010b00996be6560194f44a7d8168cc61ed2d52ca0b534858a8049bfc64,equipe,0,0,10,,em_andamento,2026-08-19 12:18:31.892-03
logika,1787153482603,Escola A,Turma,6d866b5fa290c31b6a756e3ab380db60e9f102abcb0c6d3caba62c0aea0eb759,equipe,0,0,10,,em_andamento,2026-08-19 12:18:31.894-03
logika,1787153021943,Escola A,706,58ab407bc937a80c50a8e2c171f62170372de079bec01932a306632886038bb6,equipe,0,0,10,,em_andamento,2026-08-19 12:18:31.895-03
logika,1787153433189,Escola B,401,884ff65e069f652b4c6ba6b489d6128bffc095c80f1dfdd4f147dc6979eafe7d,equipe,0,0,10,,em_andamento,2026-08-19 12:18:31.896-03
logika,1787153073035,Escola A,707,6b6996dae7bdbb99b7be14ce00cd78be9b0a6350395d4fa107a26ea051442f61,equipe,0,0,10,,em_andamento,2026-08-19 12:18:31.896-03
logika,1787153144216,Escola A,701,5c050ee9e3f43d2be7a3dfb1687b79570558af0fb5c6c4a81eed80c252b4a4f5,equipe,0,0,10,,em_andamento,2026-08-19 12:18:31.898-03
logika,1787152732025,Escola A,703,56a1eb4288fabe70f38b31db8b9c72d22fb83fc790a9612d1f11093f717ce3fa,equipe,0,0,10,,em_andamento,2026-08-19 12:18:31.898-03
logika,1787153285747,Escola A,702,3da72d8434e1414777af40b7f49fda27a195bdfa4976069a7d6d4347302600e8,equipe,0,0,10,,em_andamento,2026-08-19 12:18:31.898-03
logika,1787152786915,Escola A,706,442c40e9307ee6faf0236c1bc9fe27deb07f2ba248880706e8d783509d808220,equipe,0,0,10,,em_andamento,2026-08-19 12:18:31.9-03
logika,1787153301170,Escola A,707,6852ee583e13a534f664f712c133ca45eb174d108fd3f1d8cafcf731c1642a30,equipe,0,0,10,,em_andamento,2026-08-19 12:18:31.907-03
dever,1787153433189,Escola B,401,884ff65e069f652b4c6ba6b489d6128bffc095c80f1dfdd4f147dc6979eafe7d,aluno,0,0,10,,pendente,2026-08-19 12:18:31.914107-03
dever,1787153073035,Escola A,707,6b6996dae7bdbb99b7be14ce00cd78be9b0a6350395d4fa107a26ea051442f61,aluno,0,0,10,,pendente,2026-08-19 12:18:31.914518-03
dever,1787153144216,Escola A,701,5c050ee9e3f43d2be7a3dfb1687b79570558af0fb5c6c4a81eed80c252b4a4f5,aluno,0,0,10,,pendente,2026-08-19 12:18:31.917762-03
dever,1787152732025,Escola A,703,56a1eb4288fabe70f38b31db8b9c72d22fb83fc790a9612d1f11093f717ce3fa,aluno,0,0,10,,pendente,2026-08-19 12:18:31.918658-03
dever,1787152786915,Escola A,706,442c40e9307ee6faf0236c1bc9fe27deb07f2ba248880706e8d783509d808220,aluno,0,0,10,,pendente,2026-08-19 12:18:31.919337-03
logika,1787152899925,Escola A,702,92979e92c7ac8f773f18f8d564c7707f376e1d97291ece1bccece99efaf696ae,equipe,0,0,10,,em_andamento,2026-08-19 12:18:31.925-03
logika,1787153700945,Escola A,702,99d8cdeb0d274ba8b7834a8ceb52d39f33a5ba3dfceb61f965817f0281cd5f62,equipe,0,0,10,,em_andamento,2026-08-19 12:18:31.926-03
logika,1787153461544,Escola A,702,52c16256eb6bd002ba56ba52d68fae881c17ae5037b28666e4553588cb75905d,equipe,0,0,10,,em_andamento,2026-08-19 12:18:31.927-03
logika,1787153015984,Escola A,701,7465c2bba03ba627c73c311d390cd87196ce69d1e99f329dd707b811a0bd671e,equipe,0,0,10,,em_andamento,2026-08-19 12:18:31.927-03
logika,1787152836338,Escola A,707,2480956b3205ac6a0fe9e50b9466cc5c6d78a26d382d73f515ec8220f06ea259,equipe,0,0,10,,em_andamento,2026-08-19 12:18:31.928-03
logika,1787153631498,Escola A,703,c31e91eef6a5ff8f42629e8d213573ebf7c2d0789db1a16b5193a8e46bac042d,equipe,0,0,10,,em_andamento,2026-08-19 12:18:31.928-03
logika,1787153284603,Escola A,702,d59ae7722a609784a991513428ea69824aa1dc6a69ed67e3436da8a5b8bfff0a,equipe,0,0,10,,em_andamento,2026-08-19 12:18:31.929-03
dever,1787153015984,Escola A,701,7465c2bba03ba627c73c311d390cd87196ce69d1e99f329dd707b811a0bd671e,aluno,0,0,10,,pendente,2026-08-19 12:18:31.9332-03
dever,1787152836338,Escola A,707,2480956b3205ac6a0fe9e50b9466cc5c6d78a26d382d73f515ec8220f06ea259,aluno,0,0,10,,pendente,2026-08-19 12:18:31.934629-03
dever,1787153284603,Escola A,702,d59ae7722a609784a991513428ea69824aa1dc6a69ed67e3436da8a5b8bfff0a,aluno,0,0,10,,pendente,2026-08-19 12:18:31.935795-03
jogos,145ba7ff-2607-4158-929b-e746a550c344,Escola A,706,950be96c06694b3855c9b6af054ae9431eae819d60f8a22b589ef5e34ca2a07a,aluno,15000,1,,0,finalizado,2026-08-19 19:26:23.696922-03
